ticker,company,industry,sub_industry,headquarter,url
MMM,3M Company,Industrials,Industrial Conglomerates,"St. Paul, Minnesota",https://www.nyse.com/quote/XNYS:MMM
ABT,Abbott Laboratories,Health Care,Health Care Equipment,"North Chicago, Illinois",https://www.nyse.com/quote/XNYS:ABT
ABBV,AbbVie Inc.,Health Care,Pharmaceuticals,"North Chicago, Illinois",https://www.nyse.com/quote/XNYS:ABBV
ABMD,ABIOMED Inc,Health Care,Health Care Equipment,"Danvers, Massachusetts",http://www.nasdaq.com/symbol/abmd
ACN,Accenture plc,Information Technology,IT Consulting & Other Services,"Dublin, Ireland",https://www.nyse.com/quote/XNYS:ACN
ATVI,Activision Blizzard,Communication Services,Interactive Home Entertainment,"Santa Monica, California",http://www.nasdaq.com/symbol/atvi
ADBE,Adobe Inc.,Information Technology,Application Software,"San Jose, California",http://www.nasdaq.com/symbol/adbe
AMD,Advanced Micro Devices Inc,Information Technology,Semiconductors,"Santa Clara, California",http://www.nasdaq.com/symbol/amd
AAP,Advance Auto Parts,Consumer Discretionary,Automotive Retail,"Raleigh, North Carolina",https://www.nyse.com/quote/XNYS:AAP
AES,AES Corp,Utilities,Independent Power Producers & Energy Traders,"Arlington, Virginia",https://www.nyse.com/quote/XNYS:AES
AFL,AFLAC Inc,Financials,Life & Health Insurance,"Columbus, Georgia",https://www.nyse.com/quote/XNYS:AFL
A,Agilent Technologies Inc,Health Care,Health Care Equipment,"Santa Clara, California",https://www.nyse.com/quote/XNYS:A
APD,Air Products & Chemicals Inc,Materials,Industrial Gases,"Allentown, Pennsylvania",https://www.nyse.com/quote/XNYS:APD
AKAM,Akamai Technologies Inc,Information Technology,Internet Services & Infrastructure,"Cambridge, Massachusetts",http://www.nasdaq.com/symbol/akam
ALK,Alaska Air Group Inc,Industrials,Airlines,"Seattle, Washington",https://www.nyse.com/quote/XNYS:ALK
ALB,Albemarle Corp,Materials,Specialty Chemicals,"Charlotte, North Carolina",https://www.nyse.com/quote/XNYS:ALB
ARE,Alexandria Real Estate Equities,Real Estate,Office REITs,"Pasadena, California",https://www.nyse.com/quote/XNYS:ARE
ALXN,Alexion Pharmaceuticals,Health Care,Biotechnology,"Boston, Massachusetts",http://www.nasdaq.com/symbol/alxn
ALGN,Align Technology,Health Care,Health Care Supplies,"San Jose, California",http://www.nasdaq.com/symbol/algn
ALLE,Allegion,Industrials,Building Products,"Dublin, Ireland",https://www.nyse.com/quote/XNYS:ALLE
AGN,"Allergan, plc",Health Care,Pharmaceuticals,"Dublin, Ireland",https://www.nyse.com/quote/XNYS:AGN
ADS,Alliance Data Systems,Information Technology,Data Processing & Outsourced Services,"Plano, Texas",https://www.nyse.com/quote/XNYS:ADS
LNT,Alliant Energy Corp,Utilities,Electric Utilities,"Madison, Wisconsin",https://www.nyse.com/quote/XNYS:LNT
ALL,Allstate Corp,Financials,Property & Casualty Insurance,"Northfield Township, Illinois",https://www.nyse.com/quote/XNYS:ALL
GOOGL,Alphabet Inc Class A,Communication Services,Interactive Media & Services,"Mountain View, California",http://www.nasdaq.com/symbol/googl
GOOG,Alphabet Inc Class C,Communication Services,Interactive Media & Services,"Mountain View, California",http://www.nasdaq.com/symbol/goog
MO,Altria Group Inc,Consumer Staples,Tobacco,"Richmond, Virginia",https://www.nyse.com/quote/XNYS:MO
AMZN,Amazon.com Inc.,Consumer Discretionary,Internet & Direct Marketing Retail,"Seattle, Washington",http://www.nasdaq.com/symbol/amzn
AMCR,Amcor plc,Materials,Paper Packaging,"Warmley, Bristol, United Kingdom",https://www.nyse.com/quote/XNYS:AMCR
AEE,Ameren Corp,Utilities,Multi-Utilities,"St. Louis, Missouri",https://www.nyse.com/quote/XNYS:AEE
AAL,American Airlines Group,Industrials,Airlines,"Fort Worth, Texas",http://www.nasdaq.com/symbol/aal
AEP,American Electric Power,Utilities,Electric Utilities,"Columbus, Ohio",https://www.nyse.com/quote/XNYS:AEP
AXP,American Express Co,Financials,Consumer Finance,"New York, New York",https://www.nyse.com/quote/XNYS:AXP
AIG,American International Group,Financials,Property & Casualty Insurance,"New York, New York",https://www.nyse.com/quote/XNYS:AIG
AMT,American Tower Corp.,Real Estate,Specialized REITs,"Boston, Massachusetts",https://www.nyse.com/quote/XNYS:AMT
AWK,American Water Works Company Inc,Utilities,Water Utilities,"Camden, New Jersey",https://www.nyse.com/quote/XNYS:AWK
AMP,Ameriprise Financial,Financials,Asset Management & Custody Banks,"Minneapolis, Minnesota",https://www.nyse.com/quote/XNYS:AMP
ABC,AmerisourceBergen Corp,Health Care,Health Care Distributors,"Chesterbrook, Pennsylvania",https://www.nyse.com/quote/XNYS:ABC
AME,AMETEK Inc.,Industrials,Electrical Components & Equipment,"Berwyn, Pennsylvania",https://www.nyse.com/quote/XNYS:AME
AMGN,Amgen Inc.,Health Care,Biotechnology,"Thousand Oaks, California",http://www.nasdaq.com/symbol/amgn
APH,Amphenol Corp,Information Technology,Electronic Components,"Wallingford, Connecticut",https://www.nyse.com/quote/XNYS:APH
ADI,"Analog Devices, Inc.",Information Technology,Semiconductors,"Norwood, Massachusetts",http://www.nasdaq.com/symbol/adi
ANSS,ANSYS,Information Technology,Application Software,"Canonsburg, Pennsylvania",http://www.nasdaq.com/symbol/anss
ANTM,Anthem,Health Care,Managed Health Care,"Indianapolis, Indiana",https://www.nyse.com/quote/XNYS:ANTM
AON,Aon plc,Financials,Insurance Brokers,"London, United Kingdom",https://www.nyse.com/quote/XNYS:AON
AOS,A.O. Smith Corp,Industrials,Building Products,"Milwaukee, Wisconsin",https://www.nyse.com/quote/XNYS:AOS
APA,Apache Corporation,Energy,Oil & Gas Exploration & Production,"Houston, Texas",https://www.nyse.com/quote/XNYS:APA
AIV,Apartment Investment & Management,Real Estate,Residential REITs,"Denver, Colorado",https://www.nyse.com/quote/XNYS:AIV
AAPL,Apple Inc.,Information Technology,"Technology Hardware, Storage & Peripherals","Cupertino, California",http://www.nasdaq.com/symbol/aapl
AMAT,Applied Materials Inc.,Information Technology,Semiconductor Equipment,"Santa Clara, California",http://www.nasdaq.com/symbol/amat
APTV,Aptiv PLC,Consumer Discretionary,Auto Parts & Equipment,"Dublin, Ireland",https://www.nyse.com/quote/XNYS:APTV
ADM,Archer-Daniels-Midland Co,Consumer Staples,Agricultural Products,"Chicago, Illinois",https://www.nyse.com/quote/XNYS:ADM
ANET,Arista Networks,Information Technology,Communications Equipment,"Santa Clara, California",https://www.nyse.com/quote/XNYS:ANET
AJG,Arthur J. Gallagher & Co.,Financials,Insurance Brokers,"Itasca, Illinois",https://www.nyse.com/quote/XNYS:AJG
AIZ,Assurant,Financials,Multi-line Insurance,"New York, New York",https://www.nyse.com/quote/XNYS:AIZ
T,AT&T Inc.,Communication Services,Integrated Telecommunication Services,"Dallas, Texas",https://www.nyse.com/quote/XNYS:T
ATO,Atmos Energy,Utilities,Gas Utilities,"Dallas, Texas",https://www.nyse.com/quote/XNYS:ATO
ADSK,Autodesk Inc.,Information Technology,Application Software,"San Rafael, California",http://www.nasdaq.com/symbol/adsk
ADP,Automatic Data Processing,Information Technology,Internet Services & Infrastructure,"Roseland, New Jersey",http://www.nasdaq.com/symbol/adp
AZO,AutoZone Inc,Consumer Discretionary,Specialty Stores,"Memphis, Tennessee",https://www.nyse.com/quote/XNYS:AZO
AVB,"AvalonBay Communities, Inc.",Real Estate,Residential REITs,"Arlington, Virginia[3]",https://www.nyse.com/quote/XNYS:AVB
AVY,Avery Dennison Corp,Materials,Paper Packaging,"Glendale, California",https://www.nyse.com/quote/XNYS:AVY
BKR,Baker Hughes Co,Energy,Oil & Gas Equipment & Services,"Houston, Texas",https://www.nyse.com/quote/XNYS:BKR
BLL,Ball Corp,Materials,Metal & Glass Containers,"Broomfield, Colorado",https://www.nyse.com/quote/XNYS:BLL
BAC,Bank of America Corp,Financials,Diversified Banks,"Charlotte, North Carolina",https://www.nyse.com/quote/XNYS:BAC
BK,The Bank of New York Mellon Corp.,Financials,Asset Management & Custody Banks,"New York, New York",https://www.nyse.com/quote/XNYS:BK
BAX,Baxter International Inc.,Health Care,Health Care Equipment,"Deerfield, Illinois",https://www.nyse.com/quote/XNYS:BAX
BDX,Becton Dickinson,Health Care,Health Care Equipment,"Franklin Lakes, New Jersey",https://www.nyse.com/quote/XNYS:BDX
BRK.B,Berkshire Hathaway,Financials,Multi-Sector Holdings,"Omaha, Nebraska",https://www.nyse.com/quote/XNYS:BRK.B
BBY,Best Buy Co. Inc.,Consumer Discretionary,Computer & Electronics Retail,"Richfield, Minnesota",https://www.nyse.com/quote/XNYS:BBY
BIIB,Biogen Inc.,Health Care,Biotechnology,"Cambridge, Massachusetts",http://www.nasdaq.com/symbol/biib
BLK,BlackRock,Financials,Asset Management & Custody Banks,"New York, New York",https://www.nyse.com/quote/XNYS:BLK
BA,Boeing Company,Industrials,Aerospace & Defense,"Chicago, Illinois",https://www.nyse.com/quote/XNYS:BA
BKNG,Booking Holdings Inc,Consumer Discretionary,Internet & Direct Marketing Retail,"Norwalk, Connecticut",http://www.nasdaq.com/symbol/bkng
BWA,BorgWarner,Consumer Discretionary,Auto Parts & Equipment,"Auburn Hills, Michigan",https://www.nyse.com/quote/XNYS:BWA
BXP,Boston Properties,Real Estate,Office REITs,"Boston, Massachusetts",https://www.nyse.com/quote/XNYS:BXP
BSX,Boston Scientific,Health Care,Health Care Equipment,"Marlborough, Massachusetts[4]",https://www.nyse.com/quote/XNYS:BSX
BMY,Bristol-Myers Squibb,Health Care,Health Care Distributors,"New York, New York",https://www.nyse.com/quote/XNYS:BMY
AVGO,Broadcom Inc.,Information Technology,Semiconductors,"San Jose, California",http://www.nasdaq.com/symbol/avgo
BR,Broadridge Financial Solutions,Information Technology,Data Processing & Outsourced Services,"Lake Success, New York",https://www.nyse.com/quote/XNYS:BR
BF.B,Brown-Forman Corp.,Consumer Staples,Distillers & Vintners,"Louisville, Kentucky",https://www.nyse.com/quote/XNYS:BF.B
CHRW,C. H. Robinson Worldwide,Industrials,Air Freight & Logistics,"Eden Prairie, Minnesota",http://www.nasdaq.com/symbol/chrw
COG,Cabot Oil & Gas,Energy,Oil & Gas Exploration & Production,"Houston, Texas",https://www.nyse.com/quote/XNYS:COG
CDNS,Cadence Design Systems,Information Technology,Application Software,"San Jose, California",http://www.nasdaq.com/symbol/cdns
CPB,Campbell Soup,Consumer Staples,Packaged Foods & Meats,"Camden, New Jersey",https://www.nyse.com/quote/XNYS:CPB
COF,Capital One Financial,Financials,Consumer Finance,"Tysons Corner, Virginia",https://www.nyse.com/quote/XNYS:COF
CPRI,Capri Holdings,Consumer Discretionary,"Apparel, Accessories & Luxury Goods","New York, New York",https://www.nyse.com/quote/XNYS:CPRI
CAH,Cardinal Health Inc.,Health Care,Health Care Distributors,"Dublin, Ohio",https://www.nyse.com/quote/XNYS:CAH
KMX,Carmax Inc,Consumer Discretionary,Specialty Stores,"Richmond, Virginia",https://www.nyse.com/quote/XNYS:KMX
CCL,Carnival Corp.,Consumer Discretionary,"Hotels, Resorts & Cruise Lines","Miami, Florida",https://www.nyse.com/quote/XNYS:CCL
CARR,Carrier Global,Industrials,Building Products,"Palm Beach Gardens, Florida",https://www.nyse.com/quote/XNYS:CARR
CAT,Caterpillar Inc.,Industrials,Construction Machinery & Heavy Trucks,"Deerfield, Illinois",https://www.nyse.com/quote/XNYS:CAT
CBOE,Cboe Global Markets,Financials,Financial Exchanges & Data,"Chicago, Illinois",https://markets.cboe.com/us/equities/listings/listed_products/symbols/CBOE
CBRE,CBRE Group,Real Estate,Real Estate Services,"Los Angeles, California",https://www.nyse.com/quote/XNYS:CBRE
CDW,CDW,Information Technology,Technology Distributors,"Lincolnshire, Illinois",http://www.nasdaq.com/symbol/cdw
CE,Celanese,Materials,Specialty Chemicals,"Irving, Texas",https://www.nyse.com/quote/XNYS:CE
CNC,Centene Corporation,Health Care,Managed Health Care,"St Louis, Missouri",https://www.nyse.com/quote/XNYS:CNC
CNP,CenterPoint Energy,Utilities,Multi-Utilities,"Houston, Texas",https://www.nyse.com/quote/XNYS:CNP
CTL,CenturyLink Inc,Communication Services,Alternative Carriers,"Monroe, Louisiana",https://www.nyse.com/quote/XNYS:CTL
CERN,Cerner,Health Care,Health Care Technology,"North Kansas City, Missouri",http://www.nasdaq.com/symbol/cern
CF,CF Industries Holdings Inc,Materials,Fertilizers & Agricultural Chemicals,"Deerfield, Illinois",https://www.nyse.com/quote/XNYS:CF
SCHW,Charles Schwab Corporation,Financials,Investment Banking & Brokerage,"San Francisco, California",https://www.nyse.com/quote/XNYS:SCHW
CHTR,Charter Communications,Communication Services,Cable & Satellite,"Stamford, Connecticut",http://www.nasdaq.com/symbol/chtr
CVX,Chevron Corp.,Energy,Integrated Oil & Gas,"San Ramon, California",https://www.nyse.com/quote/XNYS:CVX
CMG,Chipotle Mexican Grill,Consumer Discretionary,Restaurants,"Newport Beach, California",https://www.nyse.com/quote/XNYS:CMG
CB,Chubb Limited,Financials,Property & Casualty Insurance,"Zurich, Switzerland",https://www.nyse.com/quote/XNYS:CB
CHD,Church & Dwight,Consumer Staples,Household Products,"Ewing, New Jersey",https://www.nyse.com/quote/XNYS:CHD
CI,CIGNA Corp.,Health Care,Managed Health Care,"Bloomfield, Connecticut",https://www.nyse.com/quote/XNYS:CI
CINF,Cincinnati Financial,Financials,Property & Casualty Insurance,"Fairfield, Ohio",http://www.nasdaq.com/symbol/cinf
CTAS,Cintas Corporation,Industrials,Diversified Support Services,"Mason, Ohio",http://www.nasdaq.com/symbol/ctas
CSCO,Cisco Systems,Information Technology,Communications Equipment,"San Jose, California",http://www.nasdaq.com/symbol/csco
C,Citigroup Inc.,Financials,Diversified Banks,"New York, New York",https://www.nyse.com/quote/XNYS:C
CFG,Citizens Financial Group,Financials,Regional Banks,"Providence, Rhode Island",https://www.nyse.com/quote/XNYS:CFG
CTXS,Citrix Systems,Information Technology,Application Software,"Fort Lauderdale, Florida",http://www.nasdaq.com/symbol/ctxs
CLX,The Clorox Company,Consumer Staples,Household Products,"Oakland, California",https://www.nyse.com/quote/XNYS:CLX
CME,CME Group Inc.,Financials,Financial Exchanges & Data,"Chicago, Illinois",http://www.nasdaq.com/symbol/cme
CMS,CMS Energy,Utilities,Multi-Utilities,"Jackson, Michigan",https://www.nyse.com/quote/XNYS:CMS
KO,Coca-Cola Company,Consumer Staples,Soft Drinks,"Atlanta, Georgia",https://www.nyse.com/quote/XNYS:KO
CTSH,Cognizant Technology Solutions,Information Technology,IT Consulting & Other Services,"Teaneck, New Jersey",http://www.nasdaq.com/symbol/ctsh
CL,Colgate-Palmolive,Consumer Staples,Household Products,"New York, New York",https://www.nyse.com/quote/XNYS:CL
CMCSA,Comcast Corp.,Communication Services,Cable & Satellite,"Philadelphia, Pennsylvania",http://www.nasdaq.com/symbol/cmcsa
CMA,Comerica Inc.,Financials,Diversified Banks,"Dallas, Texas",https://www.nyse.com/quote/XNYS:CMA
CAG,Conagra Brands,Consumer Staples,Packaged Foods & Meats,"Chicago, Illinois",https://www.nyse.com/quote/XNYS:CAG
CXO,Concho Resources,Energy,Oil & Gas Exploration & Production,"Midland, Texas",https://www.nyse.com/quote/XNYS:CXO
COP,ConocoPhillips,Energy,Oil & Gas Exploration & Production,"Houston, Texas",https://www.nyse.com/quote/XNYS:COP
ED,Consolidated Edison,Utilities,Electric Utilities,"New York, New York",https://www.nyse.com/quote/XNYS:ED
STZ,Constellation Brands,Consumer Staples,Distillers & Vintners,"Victor, New York",https://www.nyse.com/quote/XNYS:STZ
COO,The Cooper Companies,Health Care,Health Care Supplies,"San Ramon, California",https://www.nyse.com/quote/XNYS:COO
CPRT,Copart Inc,Industrials,Diversified Support Services,"Dallas, Texas",http://www.nasdaq.com/symbol/cprt
GLW,Corning Inc.,Information Technology,Electronic Components,"Corning, New York",https://www.nyse.com/quote/XNYS:GLW
CTVA,Corteva,Materials,Fertilizers & Agricultural Chemicals,"Wilmington, Delaware",https://www.nyse.com/quote/XNYS:CTVA
COST,Costco Wholesale Corp.,Consumer Staples,Hypermarkets & Super Centers,"Issaquah, Washington",http://www.nasdaq.com/symbol/cost
COTY,"Coty, Inc",Consumer Staples,Personal Products,"New York, New York",https://www.nyse.com/quote/XNYS:COTY
CCI,Crown Castle International Corp.,Real Estate,Specialized REITs,"Houston, Texas",https://www.nyse.com/quote/XNYS:CCI
CSX,CSX Corp.,Industrials,Railroads,"Jacksonville, Florida",http://www.nasdaq.com/symbol/csx
CMI,Cummins Inc.,Industrials,Industrial Machinery,"Columbus, Indiana",https://www.nyse.com/quote/XNYS:CMI
CVS,CVS Health,Health Care,Health Care Services,"Woonsocket, Rhode Island",https://www.nyse.com/quote/XNYS:CVS
DHI,D. R. Horton,Consumer Discretionary,Homebuilding,"Fort Worth, Texas",https://www.nyse.com/quote/XNYS:DHI
DHR,Danaher Corp.,Health Care,Health Care Equipment,"Washington, D.C.",https://www.nyse.com/quote/XNYS:DHR
DRI,Darden Restaurants,Consumer Discretionary,Restaurants,"Orlando, Florida",https://www.nyse.com/quote/XNYS:DRI
DVA,DaVita Inc.,Health Care,Health Care Facilities,"Denver, Colorado",https://www.nyse.com/quote/XNYS:DVA
DE,Deere & Co.,Industrials,Agricultural & Farm Machinery,"Moline, Illinois",https://www.nyse.com/quote/XNYS:DE
DAL,Delta Air Lines Inc.,Industrials,Airlines,"Atlanta, Georgia",https://www.nyse.com/quote/XNYS:DAL
XRAY,Dentsply Sirona,Health Care,Health Care Supplies,"Charlotte, North Carolina",http://www.nasdaq.com/symbol/xray
DVN,Devon Energy,Energy,Oil & Gas Exploration & Production,"Oklahoma City, Oklahoma",https://www.nyse.com/quote/XNYS:DVN
FANG,Diamondback Energy,Energy,Oil & Gas Exploration & Production,"Midland, Texas",http://www.nasdaq.com/symbol/fang
DLR,Digital Realty Trust Inc,Real Estate,Specialized REITs,"San Francisco, California",https://www.nyse.com/quote/XNYS:DLR
DFS,Discover Financial Services,Financials,Consumer Finance,"Riverwoods, Illinois",https://www.nyse.com/quote/XNYS:DFS
DISCA,Discovery Inc. Class A,Communication Services,Broadcasting,"Silver Spring, Maryland",http://www.nasdaq.com/symbol/disca
DISCK,Discovery Inc. Class C,Communication Services,Broadcasting,"Silver Spring, Maryland",http://www.nasdaq.com/symbol/disck
DISH,Dish Network,Communication Services,Cable & Satellite,"Meridian, Colorado",http://www.nasdaq.com/symbol/dish
DG,Dollar General,Consumer Discretionary,General Merchandise Stores,"Goodlettsville, Tennessee",https://www.nyse.com/quote/XNYS:DG
DLTR,Dollar Tree,Consumer Discretionary,General Merchandise Stores,"Chesapeake, Virginia",http://www.nasdaq.com/symbol/dltr
D,Dominion Energy,Utilities,Electric Utilities,"Richmond, Virginia",https://www.nyse.com/quote/XNYS:D
DOV,Dover Corporation,Industrials,Industrial Machinery,"Downers Grove, Illinois",https://www.nyse.com/quote/XNYS:DOV
DOW,Dow Inc.,Materials,Commodity Chemicals,"Midland, Michigan",https://www.nyse.com/quote/XNYS:DOW
DTE,DTE Energy Co.,Utilities,Multi-Utilities,"Detroit, Michigan",https://www.nyse.com/quote/XNYS:DTE
DUK,Duke Energy,Utilities,Electric Utilities,"Charlotte, North Carolina",https://www.nyse.com/quote/XNYS:DUK
DRE,Duke Realty Corp,Real Estate,Industrial REITs,"Indianapolis, Indiana",https://www.nyse.com/quote/XNYS:DRE
DD,DuPont de Nemours Inc,Materials,Specialty Chemicals,"Midland, Michigan",https://www.nyse.com/quote/XNYS:DD
DXC,DXC Technology,Information Technology,IT Consulting & Other Services,"Tysons Corner, Virginia",https://www.nyse.com/quote/XNYS:DXC
ETFC,E*Trade,Financials,Investment Banking & Brokerage,"New York, New York",http://www.nasdaq.com/symbol/etfc
EMN,Eastman Chemical,Materials,Diversified Chemicals,"Kingsport, Tennessee",https://www.nyse.com/quote/XNYS:EMN
ETN,Eaton Corporation,Industrials,Electrical Components & Equipment,"Dublin, Ireland",https://www.nyse.com/quote/XNYS:ETN
EBAY,eBay Inc.,Consumer Discretionary,Internet & Direct Marketing Retail,"San Jose, California",http://www.nasdaq.com/symbol/ebay
ECL,Ecolab Inc.,Materials,Specialty Chemicals,"St. Paul, Minnesota",https://www.nyse.com/quote/XNYS:ECL
EIX,Edison Int'l,Utilities,Electric Utilities,"Rosemead, California",https://www.nyse.com/quote/XNYS:EIX
EW,Edwards Lifesciences,Health Care,Health Care Equipment,"Irvine, California",https://www.nyse.com/quote/XNYS:EW
EA,Electronic Arts,Communication Services,Interactive Home Entertainment,"Redwood City, California",http://www.nasdaq.com/symbol/ea
EMR,Emerson Electric Company,Industrials,Electrical Components & Equipment,"Ferguson, Missouri",https://www.nyse.com/quote/XNYS:EMR
ETR,Entergy Corp.,Utilities,Electric Utilities,"New Orleans, Louisiana",https://www.nyse.com/quote/XNYS:ETR
EOG,EOG Resources,Energy,Oil & Gas Exploration & Production,"Houston, Texas",https://www.nyse.com/quote/XNYS:EOG
EFX,Equifax Inc.,Industrials,Research & Consulting Services,"Atlanta, Georgia",https://www.nyse.com/quote/XNYS:EFX
EQIX,Equinix,Real Estate,Specialized REITs,"Redwood City, California",http://www.nasdaq.com/symbol/eqix
EQR,Equity Residential,Real Estate,Residential REITs,"Chicago, Illinois",https://www.nyse.com/quote/XNYS:EQR
ESS,"Essex Property Trust, Inc.",Real Estate,Residential REITs,"Palo Alto, California",https://www.nyse.com/quote/XNYS:ESS
EL,Estée Lauder Companies,Consumer Staples,Personal Products,"New York, New York",https://www.nyse.com/quote/XNYS:EL
EVRG,Evergy,Utilities,Electric Utilities,"Kansas City, Missouri",https://www.nyse.com/quote/XNYS:EVRG
ES,Eversource Energy,Utilities,Multi-Utilities,"Springfield, Massachusetts",https://www.nyse.com/quote/XNYS:ES
RE,Everest Re Group Ltd.,Financials,Reinsurance,"Hamilton, Bermuda",https://www.nyse.com/quote/XNYS:RE
EXC,Exelon Corp.,Utilities,Multi-Utilities,"Chicago, Illinois",https://www.nyse.com/quote/XNYS:EXC
EXPE,Expedia Group,Consumer Discretionary,Internet & Direct Marketing Retail,"Seattle, Washington",http://www.nasdaq.com/symbol/expe
EXPD,Expeditors,Industrials,Air Freight & Logistics,"Seattle, Washington",http://www.nasdaq.com/symbol/expd
EXR,Extra Space Storage,Real Estate,Specialized REITs,"Salt Lake City, Utah",https://www.nyse.com/quote/XNYS:EXR
XOM,Exxon Mobil Corp.,Energy,Integrated Oil & Gas,"Irving, Texas",https://www.nyse.com/quote/XNYS:XOM
FFIV,F5 Networks,Information Technology,Communications Equipment,"Seattle, Washington",http://www.nasdaq.com/symbol/ffiv
FB,"Facebook, Inc.",Communication Services,Interactive Media & Services,"Menlo Park, California",http://www.nasdaq.com/symbol/fb
FAST,Fastenal Co,Industrials,Building Products,"Winona, Minnesota",http://www.nasdaq.com/symbol/fast
FRT,Federal Realty Investment Trust,Real Estate,Retail REITs,"Rockville, Maryland",https://www.nyse.com/quote/XNYS:FRT
FDX,FedEx Corporation,Industrials,Air Freight & Logistics,"Memphis, Tennessee",https://www.nyse.com/quote/XNYS:FDX
FIS,Fidelity National Information Services,Information Technology,Data Processing & Outsourced Services,"Jacksonville, Florida",https://www.nyse.com/quote/XNYS:FIS
FITB,Fifth Third Bancorp,Financials,Regional Banks,"Cincinnati, Ohio",http://www.nasdaq.com/symbol/fitb
FE,FirstEnergy Corp,Utilities,Electric Utilities,"Akron, Ohio",https://www.nyse.com/quote/XNYS:FE
FRC,First Republic Bank,Financials,Regional Banks,"San Francisco, California",https://www.nyse.com/quote/XNYS:FRC
FISV,Fiserv Inc,Information Technology,Data Processing & Outsourced Services,"Brookfield, Wisconsin",http://www.nasdaq.com/symbol/fisv
FLT,FleetCor Technologies Inc,Information Technology,Data Processing & Outsourced Services,"Norcross, Georgia",https://www.nyse.com/quote/XNYS:FLT
FLIR,FLIR Systems,Information Technology,Electronic Equipment & Instruments,"Wilsonville, Oregon",http://www.nasdaq.com/symbol/flir
FLS,Flowserve Corporation,Industrials,Industrial Machinery,"Irving, Texas",https://www.nyse.com/quote/XNYS:FLS
FMC,FMC Corporation,Materials,Fertilizers & Agricultural Chemicals,"Philadelphia, Pennsylvania",https://www.nyse.com/quote/XNYS:FMC
F,Ford Motor Company,Consumer Discretionary,Automobile Manufacturers,"Dearborn, Michigan",https://www.nyse.com/quote/XNYS:F
FTNT,Fortinet,Information Technology,Systems Software,"Sunnyvale, California",http://www.nasdaq.com/symbol/ftnt
FTV,Fortive Corp,Industrials,Industrial Machinery,"Everett, Washington",https://www.nyse.com/quote/XNYS:FTV
FBHS,Fortune Brands Home & Security,Industrials,Building Products,"Deerfield, Illinois",https://www.nyse.com/quote/XNYS:FBHS
FOXA,Fox Corporation Class A,Communication Services,Movies & Entertainment,"New York, New York",http://www.nasdaq.com/symbol/foxa
FOX,Fox Corporation Class B,Communication Services,Movies & Entertainment,"New York, New York",http://www.nasdaq.com/symbol/fox
BEN,Franklin Resources,Financials,Asset Management & Custody Banks,"San Mateo, California",https://www.nyse.com/quote/XNYS:BEN
FCX,Freeport-McMoRan Inc.,Materials,Copper,"Phoenix, Arizona",https://www.nyse.com/quote/XNYS:FCX
GPS,Gap Inc.,Consumer Discretionary,Apparel Retail,"San Francisco, California",https://www.nyse.com/quote/XNYS:GPS
GRMN,Garmin Ltd.,Consumer Discretionary,Consumer Electronics,"Schaffhausen, Switzerland",http://www.nasdaq.com/symbol/grmn
IT,Gartner Inc,Information Technology,IT Consulting & Other Services,"Stamford, Connecticut",https://www.nyse.com/quote/XNYS:IT
GD,General Dynamics,Industrials,Aerospace & Defense,"Falls Church, Virginia",https://www.nyse.com/quote/XNYS:GD
GE,General Electric,Industrials,Industrial Conglomerates,"Boston, Massachusetts",https://www.nyse.com/quote/XNYS:GE
GIS,General Mills,Consumer Staples,Packaged Foods & Meats,"Golden Valley, Minnesota",https://www.nyse.com/quote/XNYS:GIS
GM,General Motors,Consumer Discretionary,Automobile Manufacturers,"Detroit, Michigan",https://www.nyse.com/quote/XNYS:GM
GPC,Genuine Parts,Consumer Discretionary,Specialty Stores,"Atlanta, Georgia",https://www.nyse.com/quote/XNYS:GPC
GILD,Gilead Sciences,Health Care,Biotechnology,"Foster City, California",http://www.nasdaq.com/symbol/gild
GL,Globe Life Inc.,Financials,Life & Health Insurance,"McKinney, Texas",https://www.nyse.com/quote/XNYS:GL
GPN,Global Payments Inc.,Information Technology,Data Processing & Outsourced Services,"Atlanta, Georgia",https://www.nyse.com/quote/XNYS:GPN
GS,Goldman Sachs Group,Financials,Investment Banking & Brokerage,"New York, New York",https://www.nyse.com/quote/XNYS:GS
GWW,Grainger (W.W.) Inc.,Industrials,Industrial Machinery,"Lake Forest, Illinois",https://www.nyse.com/quote/XNYS:GWW
HRB,H&R Block,Consumer Discretionary,Specialized Consumer Services,"Kansas City, Missouri",https://www.nyse.com/quote/XNYS:HRB
HAL,Halliburton Co.,Energy,Oil & Gas Equipment & Services,"Houston, Texas",https://www.nyse.com/quote/XNYS:HAL
HBI,Hanesbrands Inc,Consumer Discretionary,"Apparel, Accessories & Luxury Goods","Winston-Salem, North Carolina",https://www.nyse.com/quote/XNYS:HBI
HOG,Harley-Davidson,Consumer Discretionary,Motorcycle Manufacturers,"Milwaukee, Wisconsin",https://www.nyse.com/quote/XNYS:HOG
HIG,Hartford Financial Svc.Gp.,Financials,Property & Casualty Insurance,"Hartford, Connecticut",https://www.nyse.com/quote/XNYS:HIG
HAS,Hasbro Inc.,Consumer Discretionary,Leisure Products,"Pawtucket, Rhode Island",http://www.nasdaq.com/symbol/has
HCA,HCA Healthcare,Health Care,Health Care Facilities,"Nashville, Tennessee",https://www.nyse.com/quote/XNYS:HCA
PEAK,Healthpeak Properties,Real Estate,Health Care REITs,"Long Beach, California",https://www.nyse.com/quote/XNYS:PEAK
HP,Helmerich & Payne,Energy,Oil & Gas Drilling,"Tulsa, Oklahoma[5]",https://www.nyse.com/quote/XNYS:HP
HSIC,Henry Schein,Health Care,Health Care Distributors,"Melville, New York",http://www.nasdaq.com/symbol/hsic
HSY,The Hershey Company,Consumer Staples,Packaged Foods & Meats,"Hershey, Pennsylvania",https://www.nyse.com/quote/XNYS:HSY
HES,Hess Corporation,Energy,Integrated Oil & Gas,"New York, New York",https://www.nyse.com/quote/XNYS:HES
HPE,Hewlett Packard Enterprise,Information Technology,"Technology Hardware, Storage & Peripherals","Palo Alto, California",https://www.nyse.com/quote/XNYS:HPE
HLT,Hilton Worldwide Holdings Inc,Consumer Discretionary,"Hotels, Resorts & Cruise Lines","Tysons Corner, Virginia",https://www.nyse.com/quote/XNYS:HLT
HFC,HollyFrontier Corp,Energy,Oil & Gas Refining & Marketing,"Dallas, Texas",https://www.nyse.com/quote/XNYS:HFC
HOLX,Hologic,Health Care,Health Care Equipment,"Marlborough, Massachusetts",http://www.nasdaq.com/symbol/holx
HD,Home Depot,Consumer Discretionary,Home Improvement Retail,"Atlanta, Georgia",https://www.nyse.com/quote/XNYS:HD
HON,Honeywell Int'l Inc.,Industrials,Industrial Conglomerates,"Morristown, New Jersey",https://www.nyse.com/quote/XNYS:HON
HRL,Hormel Foods Corp.,Consumer Staples,Packaged Foods & Meats,"Austin, Minnesota",https://www.nyse.com/quote/XNYS:HRL
HST,Host Hotels & Resorts,Real Estate,Hotel & Resort REITs,"Bethesda, Maryland",https://www.nyse.com/quote/XNYS:HST
HWM,Howmet Aerospace,Industrials,Aerospace & Defense,"New York, New York",https://www.nyse.com/quote/XNYS:HWM
HPQ,HP Inc.,Information Technology,"Technology Hardware, Storage & Peripherals","Palo Alto, California",https://www.nyse.com/quote/XNYS:HPQ
HUM,Humana Inc.,Health Care,Managed Health Care,"Louisville, Kentucky",https://www.nyse.com/quote/XNYS:HUM
HBAN,Huntington Bancshares,Financials,Regional Banks,"Columbus, Ohio",http://www.nasdaq.com/symbol/hban
HII,Huntington Ingalls Industries,Industrials,Aerospace & Defense,"Newport News, Virginia",https://www.nyse.com/quote/XNYS:HII
IEX,IDEX Corporation,Industrials,Industrial Machinery,"Lake Forest, Illinois",https://www.nyse.com/quote/XNYS:IEX
IDXX,IDEXX Laboratories,Health Care,Health Care Equipment,"Westbrook, Maine",http://www.nasdaq.com/symbol/idxx
INFO,IHS Markit Ltd.,Industrials,Research & Consulting Services,"London, United Kingdom",http://www.nasdaq.com/symbol/info
ITW,Illinois Tool Works,Industrials,Industrial Machinery,"Glenview, Illinois",https://www.nyse.com/quote/XNYS:ITW
ILMN,Illumina Inc,Health Care,Life Sciences Tools & Services,"San Diego, California",http://www.nasdaq.com/symbol/ilmn
INCY,Incyte,Health Care,Biotechnology,"Wilmington, Delaware",http://www.nasdaq.com/symbol/incy
IR,Ingersoll Rand,Industrials,Industrial Machinery,"Milwaukee, Wisconsin",https://www.nyse.com/quote/XNYS:IR
INTC,Intel Corp.,Information Technology,Semiconductors,"Santa Clara, California",http://www.nasdaq.com/symbol/intc
ICE,Intercontinental Exchange,Financials,Financial Exchanges & Data,"Atlanta, Georgia",https://www.nyse.com/quote/XNYS:ICE
IBM,International Business Machines,Information Technology,IT Consulting & Other Services,"Armonk, New York",https://www.nyse.com/quote/XNYS:IBM
IP,International Paper,Materials,Paper Packaging,"Memphis, Tennessee",https://www.nyse.com/quote/XNYS:IP
IPG,Interpublic Group,Communication Services,Advertising,"New York, New York",https://www.nyse.com/quote/XNYS:IPG
IFF,Intl Flavors & Fragrances,Materials,Specialty Chemicals,"New York, New York",https://www.nyse.com/quote/XNYS:IFF
INTU,Intuit Inc.,Information Technology,Application Software,"Mountain View, California",http://www.nasdaq.com/symbol/intu
ISRG,Intuitive Surgical Inc.,Health Care,Health Care Equipment,"Sunnyvale, California",http://www.nasdaq.com/symbol/isrg
IVZ,Invesco Ltd.,Financials,Asset Management & Custody Banks,"Atlanta, Georgia",https://www.nyse.com/quote/XNYS:IVZ
IPGP,IPG Photonics Corp.,Information Technology,Electronic Manufacturing Services,"Oxford, Massachusetts",http://www.nasdaq.com/symbol/ipgp
IQV,IQVIA Holdings Inc.,Health Care,Life Sciences Tools & Services,"Durham, North Carolina",https://www.nyse.com/quote/XNYS:IQV
IRM,Iron Mountain Incorporated,Real Estate,Specialized REITs,"Boston, Massachusetts",https://www.nyse.com/quote/XNYS:IRM
JKHY,Jack Henry & Associates,Information Technology,Data Processing & Outsourced Services,"Monett, Missouri",http://www.nasdaq.com/symbol/jkhy
J,Jacobs Engineering Group,Industrials,Construction & Engineering,"Dallas, Texas",https://www.nyse.com/quote/XNYS:J
JBHT,J. B. Hunt Transport Services,Industrials,Trucking,"Lowell, Arkansas",http://www.nasdaq.com/symbol/jbht
SJM,JM Smucker,Consumer Staples,Packaged Foods & Meats,"Orrville, Ohio",https://www.nyse.com/quote/XNYS:SJM
JNJ,Johnson & Johnson,Health Care,Pharmaceuticals,"New Brunswick, New Jersey",https://www.nyse.com/quote/XNYS:JNJ
JCI,Johnson Controls International,Industrials,Building Products,"Cork, Ireland",https://www.nyse.com/quote/XNYS:JCI
JPM,JPMorgan Chase & Co.,Financials,Diversified Banks,"New York, New York",https://www.nyse.com/quote/XNYS:JPM
JNPR,Juniper Networks,Information Technology,Communications Equipment,"Sunnyvale, California",https://www.nyse.com/quote/XNYS:JNPR
KSU,Kansas City Southern,Industrials,Railroads,"Kansas City, Missouri",https://www.nyse.com/quote/XNYS:KSU
K,Kellogg Co.,Consumer Staples,Packaged Foods & Meats,"Battle Creek, Michigan",https://www.nyse.com/quote/XNYS:K
KEY,KeyCorp,Financials,Regional Banks,"Cleveland, Ohio",https://www.nyse.com/quote/XNYS:KEY
KEYS,Keysight Technologies,Information Technology,Electronic Equipment & Instruments,"Santa Rosa, California",https://www.nyse.com/quote/XNYS:KEYS
KMB,Kimberly-Clark,Consumer Staples,Household Products,"Irving, Texas",https://www.nyse.com/quote/XNYS:KMB
KIM,Kimco Realty,Real Estate,Retail REITs,"New Hyde Park, New York",https://www.nyse.com/quote/XNYS:KIM
KMI,Kinder Morgan,Energy,Oil & Gas Storage & Transportation,"Houston, Texas",https://www.nyse.com/quote/XNYS:KMI
KLAC,KLA Corporation,Information Technology,Semiconductor Equipment,"Milpitas, California",http://www.nasdaq.com/symbol/klac
KSS,Kohl's Corp.,Consumer Discretionary,General Merchandise Stores,"Menomonee Falls, Wisconsin",https://www.nyse.com/quote/XNYS:KSS
KHC,Kraft Heinz Co,Consumer Staples,Packaged Foods & Meats,"Chicago, Illinois; Pittsburgh, Pennsylvania",http://www.nasdaq.com/symbol/khc
KR,Kroger Co.,Consumer Staples,Food Retail,"Cincinnati, Ohio",https://www.nyse.com/quote/XNYS:KR
LB,L Brands Inc.,Consumer Discretionary,Apparel Retail,"Columbus, Ohio",https://www.nyse.com/quote/XNYS:LB
LHX,L3Harris Technologies,Industrials,Aerospace & Defense,"Melbourne, Florida",https://www.nyse.com/quote/XNYS:LHX
LH,Laboratory Corp. of America Holding,Health Care,Health Care Services,"Burlington, North Carolina",https://www.nyse.com/quote/XNYS:LH
LRCX,Lam Research,Information Technology,Semiconductor Equipment,"Fremont, California",http://www.nasdaq.com/symbol/lrcx
LW,Lamb Weston Holdings Inc,Consumer Staples,Packaged Foods & Meats,"Eagle, Idaho",https://www.nyse.com/quote/XNYS:LW
LVS,Las Vegas Sands,Consumer Discretionary,Casinos & Gaming,"Las Vegas, Nevada",https://www.nyse.com/quote/XNYS:LVS
LEG,Leggett & Platt,Consumer Discretionary,Home Furnishings,"Carthage, Missouri",https://www.nyse.com/quote/XNYS:LEG
LDOS,Leidos Holdings,Information Technology,IT Consulting & Other Services,"Reston, Virginia",https://www.nyse.com/quote/XNYS:LDOS
LEN,Lennar Corp.,Consumer Discretionary,Homebuilding,"Miami, Florida",https://www.nyse.com/quote/XNYS:LEN
LLY,Lilly (Eli) & Co.,Health Care,Pharmaceuticals,"Indianapolis, Indiana",https://www.nyse.com/quote/XNYS:LLY
LNC,Lincoln National,Financials,Multi-line Insurance,"Radnor, Pennsylvania",https://www.nyse.com/quote/XNYS:LNC
LIN,Linde plc,Materials,Industrial Gases,"Guildford, Surrey, United Kingdom",https://www.nyse.com/quote/XNYS:LIN
LYV,Live Nation Entertainment,Communication Services,Movies & Entertainment,"Beverly Hills, California",https://www.nyse.com/quote/XNYS:LYV
LKQ,LKQ Corporation,Consumer Discretionary,Distributors,"Chicago, Illinois",http://www.nasdaq.com/symbol/lkq
LMT,Lockheed Martin Corp.,Industrials,Aerospace & Defense,"Bethesda, Maryland",https://www.nyse.com/quote/XNYS:LMT
L,Loews Corp.,Financials,Multi-line Insurance,"New York, New York",https://www.nyse.com/quote/XNYS:L
LOW,Lowe's Cos.,Consumer Discretionary,Home Improvement Retail,"Mooresville, North Carolina",https://www.nyse.com/quote/XNYS:LOW
LYB,LyondellBasell,Materials,Specialty Chemicals,"Rotterdam, Netherlands",https://www.nyse.com/quote/XNYS:LYB
MTB,M&T Bank Corp.,Financials,Regional Banks,"Buffalo, New York",https://www.nyse.com/quote/XNYS:MTB
MRO,Marathon Oil Corp.,Energy,Oil & Gas Exploration & Production,"Houston, Texas",https://www.nyse.com/quote/XNYS:MRO
MPC,Marathon Petroleum,Energy,Oil & Gas Refining & Marketing,"Findlay, Ohio",https://www.nyse.com/quote/XNYS:MPC
MKTX,MarketAxess,Financials,Financial Exchanges & Data,"New York, New York",http://www.nasdaq.com/symbol/mktx
MAR,Marriott Int'l.,Consumer Discretionary,"Hotels, Resorts & Cruise Lines","Bethesda, Maryland",http://www.nasdaq.com/symbol/mar
MMC,Marsh & McLennan,Financials,Insurance Brokers,"New York, New York",https://www.nyse.com/quote/XNYS:MMC
MLM,Martin Marietta Materials,Materials,Construction Materials,"Raleigh, North Carolina",https://www.nyse.com/quote/XNYS:MLM
MAS,Masco Corp.,Industrials,Building Products,"Livonia, Michigan",https://www.nyse.com/quote/XNYS:MAS
MA,Mastercard Inc.,Information Technology,Data Processing & Outsourced Services,"Harrison, New York",https://www.nyse.com/quote/XNYS:MA
MKC,McCormick & Co.,Consumer Staples,Packaged Foods & Meats,"Hunt Valley, Maryland",https://www.nyse.com/quote/XNYS:MKC
MXIM,Maxim Integrated Products Inc,Information Technology,Semiconductors,"San Jose, California",http://www.nasdaq.com/symbol/mxim
MCD,McDonald's Corp.,Consumer Discretionary,Restaurants,"Chicago, Illinois",https://www.nyse.com/quote/XNYS:MCD
MCK,McKesson Corp.,Health Care,Health Care Distributors,"Irving, Texas",https://www.nyse.com/quote/XNYS:MCK
MDT,Medtronic plc,Health Care,Health Care Equipment,"Dublin, Ireland",https://www.nyse.com/quote/XNYS:MDT
MRK,Merck & Co.,Health Care,Pharmaceuticals,"Kenilworth, New Jersey",https://www.nyse.com/quote/XNYS:MRK
MET,MetLife Inc.,Financials,Life & Health Insurance,"New York, New York",https://www.nyse.com/quote/XNYS:MET
MTD,Mettler Toledo,Health Care,Life Sciences Tools & Services,"Columbus, Ohio",https://www.nyse.com/quote/XNYS:MTD
MGM,MGM Resorts International,Consumer Discretionary,Casinos & Gaming,"Paradise, Nevada",https://www.nyse.com/quote/XNYS:MGM
MCHP,Microchip Technology,Information Technology,Semiconductors,"Chandler, Arizona",http://www.nasdaq.com/symbol/mchp
MU,Micron Technology,Information Technology,Semiconductors,"Boise, Idaho",http://www.nasdaq.com/symbol/mu
MSFT,Microsoft Corp.,Information Technology,Systems Software,"Redmond, Washington",http://www.nasdaq.com/symbol/msft
MAA,Mid-America Apartments,Real Estate,Residential REITs,"Memphis, Tennessee",https://www.nyse.com/quote/XNYS:MAA
MHK,Mohawk Industries,Consumer Discretionary,Home Furnishings,"Calhoun, Georgia",https://www.nyse.com/quote/XNYS:MHK
TAP,Molson Coors Brewing Company,Consumer Staples,Brewers,"Denver, Colorado",https://www.nyse.com/quote/XNYS:TAP
MDLZ,Mondelez International,Consumer Staples,Packaged Foods & Meats,"Deerfield, Illinois",http://www.nasdaq.com/symbol/mdlz
MNST,Monster Beverage,Consumer Staples,Soft Drinks,"Corona, California",http://www.nasdaq.com/symbol/mnst
MCO,Moody's Corp,Financials,Financial Exchanges & Data,"New York, New York",https://www.nyse.com/quote/XNYS:MCO
MS,Morgan Stanley,Financials,Investment Banking & Brokerage,"New York, New York",https://www.nyse.com/quote/XNYS:MS
MOS,The Mosaic Company,Materials,Fertilizers & Agricultural Chemicals,"Tampa, Florida",https://www.nyse.com/quote/XNYS:MOS
MSI,Motorola Solutions Inc.,Information Technology,Communications Equipment,"Chicago, Illinois",https://www.nyse.com/quote/XNYS:MSI
MSCI,MSCI Inc,Financials,Financial Exchanges & Data,"New York, New York",https://www.nyse.com/quote/XNYS:MSCI
MYL,Mylan N.V.,Health Care,Pharmaceuticals,"Amsterdam, Netherlands",http://www.nasdaq.com/symbol/myl
NDAQ,"Nasdaq, Inc.",Financials,Financial Exchanges & Data,"New York, New York",http://www.nasdaq.com/symbol/ndaq
NOV,National Oilwell Varco Inc.,Energy,Oil & Gas Equipment & Services,"Houston, Texas",https://www.nyse.com/quote/XNYS:NOV
NTAP,NetApp,Information Technology,"Technology Hardware, Storage & Peripherals","Sunnyvale, California",http://www.nasdaq.com/symbol/ntap
NFLX,Netflix Inc.,Communication Services,Movies & Entertainment,"Los Gatos, California",http://www.nasdaq.com/symbol/nflx
NWL,Newell Brands,Consumer Discretionary,Housewares & Specialties,"Atlanta, Georgia",http://www.nasdaq.com/symbol/nwl
NEM,Newmont Corporation,Materials,Gold,"Denver, Colorado",https://www.nyse.com/quote/XNYS:NEM
NWSA,News Corp. Class A,Communication Services,Publishing,"New York, New York",http://www.nasdaq.com/symbol/nwsa
NWS,News Corp. Class B,Communication Services,Publishing,"New York, New York",http://www.nasdaq.com/symbol/nws
NEE,NextEra Energy,Utilities,Multi-Utilities,"Juno Beach, Florida",https://www.nyse.com/quote/XNYS:NEE
NLSN,Nielsen Holdings,Industrials,Research & Consulting Services,"New York, New York",https://www.nyse.com/quote/XNYS:NLSN
NKE,Nike,Consumer Discretionary,"Apparel, Accessories & Luxury Goods","Washington County, Oregon",https://www.nyse.com/quote/XNYS:NKE
NI,NiSource Inc.,Utilities,Multi-Utilities,"Merrillville, Indiana",https://www.nyse.com/quote/XNYS:NI
NBL,Noble Energy Inc,Energy,Oil & Gas Exploration & Production,"Houston, Texas",https://www.nyse.com/quote/XNYS:NBL
JWN,Nordstrom,Consumer Discretionary,Department Stores,"Seattle, Washington",https://www.nyse.com/quote/XNYS:JWN
NSC,Norfolk Southern Corp.,Industrials,Railroads,"Norfolk, Virginia",https://www.nyse.com/quote/XNYS:NSC
NTRS,Northern Trust Corp.,Financials,Asset Management & Custody Banks,"Chicago, Illinois",http://www.nasdaq.com/symbol/ntrs
NOC,Northrop Grumman,Industrials,Aerospace & Defense,"West Falls Church, Virginia",https://www.nyse.com/quote/XNYS:NOC
NLOK,NortonLifeLock,Information Technology,Application Software,"Tempe, Arizona",http://www.nasdaq.com/symbol/nlok
NCLH,Norwegian Cruise Line Holdings,Consumer Discretionary,"Hotels, Resorts & Cruise Lines","Miami, Florida",https://www.nyse.com/quote/XNYS:NCLH
NRG,NRG Energy,Utilities,Independent Power Producers & Energy Traders,"Princeton, New Jersey",https://www.nyse.com/quote/XNYS:NRG
NUE,Nucor Corp.,Materials,Steel,"Charlotte, North Carolina",https://www.nyse.com/quote/XNYS:NUE
NVDA,Nvidia Corporation,Information Technology,Semiconductors,"Santa Clara, California",http://www.nasdaq.com/symbol/nvda
NVR,NVR Inc,Consumer Discretionary,Homebuilding,"Reston, VA",https://www.nyse.com/quote/XNYS:NVR
ORLY,O'Reilly Automotive,Consumer Discretionary,Specialty Stores,"Springfield, Missouri",http://www.nasdaq.com/symbol/orly
OXY,Occidental Petroleum,Energy,Oil & Gas Exploration & Production,"Houston, Texas",https://www.nyse.com/quote/XNYS:OXY
ODFL,Old Dominion Freight Line,Industrials,Trucking,"Thomasville, North Carolina",http://www.nasdaq.com/symbol/odfl
OMC,Omnicom Group,Communication Services,Advertising,"New York, New York",https://www.nyse.com/quote/XNYS:OMC
OKE,ONEOK,Energy,Oil & Gas Storage & Transportation,"Tulsa, Oklahoma",https://www.nyse.com/quote/XNYS:OKE
ORCL,Oracle Corp.,Information Technology,Application Software,"Redwood Shores, California",https://www.nyse.com/quote/XNYS:ORCL
OTIS,Otis Worldwide,Industrials,Industrial Machinery,"Farmington, Connecticut",https://www.nyse.com/quote/XNYS:OTIS
PCAR,PACCAR Inc.,Industrials,Construction Machinery & Heavy Trucks,"Bellevue, Washington",http://www.nasdaq.com/symbol/pcar
PKG,Packaging Corporation of America,Materials,Paper Packaging,"Lake Forest, Illinois",https://www.nyse.com/quote/XNYS:PKG
PH,Parker-Hannifin,Industrials,Industrial Machinery,"Cleveland, Ohio",https://www.nyse.com/quote/XNYS:PH
PAYX,Paychex Inc.,Information Technology,Data Processing & Outsourced Services,"Penfield, New York",http://www.nasdaq.com/symbol/payx
PAYC,Paycom,Information Technology,Application Software,"Oklahoma City, Oklahoma",https://www.nyse.com/quote/XNYS:PAYC
PYPL,PayPal,Information Technology,Data Processing & Outsourced Services,"San Jose, California",http://www.nasdaq.com/symbol/pypl
PNR,Pentair plc,Industrials,Industrial Machinery,"Worsley, UK",https://www.nyse.com/quote/XNYS:PNR
PBCT,People's United Financial,Financials,Thrifts & Mortgage Finance,"Bridgeport, Connecticut",http://www.nasdaq.com/symbol/pbct
PEP,PepsiCo Inc.,Consumer Staples,Soft Drinks,"Purchase, New York",http://www.nasdaq.com/symbol/pep
PKI,PerkinElmer,Health Care,Health Care Equipment,"Waltham, Massachusetts",https://www.nyse.com/quote/XNYS:PKI
PRGO,Perrigo,Health Care,Pharmaceuticals,"Dublin, Ireland",https://www.nyse.com/quote/XNYS:PRGO
PFE,Pfizer Inc.,Health Care,Pharmaceuticals,"New York, New York",https://www.nyse.com/quote/XNYS:PFE
PM,Philip Morris International,Consumer Staples,Tobacco,"New York, New York",https://www.nyse.com/quote/XNYS:PM
PSX,Phillips 66,Energy,Oil & Gas Refining & Marketing,"Houston, Texas",https://www.nyse.com/quote/XNYS:PSX
PNW,Pinnacle West Capital,Utilities,Multi-Utilities,"Phoenix, Arizona",https://www.nyse.com/quote/XNYS:PNW
PXD,Pioneer Natural Resources,Energy,Oil & Gas Exploration & Production,"Irving, Texas",https://www.nyse.com/quote/XNYS:PXD
PNC,PNC Financial Services,Financials,Regional Banks,"Pittsburgh, Pennsylvania",https://www.nyse.com/quote/XNYS:PNC
PPG,PPG Industries,Materials,Specialty Chemicals,"Pittsburgh, Pennsylvania",https://www.nyse.com/quote/XNYS:PPG
PPL,PPL Corp.,Utilities,Electric Utilities,"Allentown, Pennsylvania",https://www.nyse.com/quote/XNYS:PPL
PFG,Principal Financial Group,Financials,Life & Health Insurance,"Des Moines, Iowa",https://www.nyse.com/quote/XNYS:PFG
PG,Procter & Gamble,Consumer Staples,Personal Products,"Cincinnati, Ohio",https://www.nyse.com/quote/XNYS:PG
PGR,Progressive Corp.,Financials,Property & Casualty Insurance,"Mayfield Village, Ohio",https://www.nyse.com/quote/XNYS:PGR
PLD,Prologis,Real Estate,Industrial REITs,"San Francisco, California",https://www.nyse.com/quote/XNYS:PLD
PRU,Prudential Financial,Financials,Life & Health Insurance,"Newark, New Jersey",https://www.nyse.com/quote/XNYS:PRU
PEG,Public Serv. Enterprise Inc.,Utilities,Electric Utilities,"Newark, New Jersey",https://www.nyse.com/quote/XNYS:PEG
PSA,Public Storage,Real Estate,Specialized REITs,"Glendale, California",https://www.nyse.com/quote/XNYS:PSA
PHM,PulteGroup,Consumer Discretionary,Homebuilding,"Atlanta, Georgia",https://www.nyse.com/quote/XNYS:PHM
PVH,PVH Corp.,Consumer Discretionary,"Apparel, Accessories & Luxury Goods","New York, New York",https://www.nyse.com/quote/XNYS:PVH
QRVO,Qorvo,Information Technology,Semiconductors,"Greensboro, North Carolina",http://www.nasdaq.com/symbol/qrvo
PWR,Quanta Services Inc.,Industrials,Construction & Engineering,"Houston, Texas",https://www.nyse.com/quote/XNYS:PWR
QCOM,QUALCOMM Inc.,Information Technology,Semiconductors,"San Diego, California",http://www.nasdaq.com/symbol/qcom
DGX,Quest Diagnostics,Health Care,Health Care Services,"Secaucus, New Jersey",https://www.nyse.com/quote/XNYS:DGX
RL,Ralph Lauren Corporation,Consumer Discretionary,"Apparel, Accessories & Luxury Goods","New York, New York",https://www.nyse.com/quote/XNYS:RL
RJF,Raymond James Financial Inc.,Financials,Investment Banking & Brokerage,"St. Petersburg, Florida",https://www.nyse.com/quote/XNYS:RJF
RTX,Raytheon Technologies,Industrials,Aerospace & Defense,"Waltham, Massachusetts",https://www.nyse.com/quote/XNYS:RTX
O,Realty Income Corporation,Real Estate,Retail REITs,"San Diego, California",https://www.nyse.com/quote/XNYS:O
REG,Regency Centers Corporation,Real Estate,Retail REITs,"Jacksonville, Florida",https://www.nyse.com/quote/XNYS:REG
REGN,Regeneron Pharmaceuticals,Health Care,Biotechnology,"Tarrytown, New York",http://www.nasdaq.com/symbol/regn
RF,Regions Financial Corp.,Financials,Regional Banks,"Birmingham, Alabama",https://www.nyse.com/quote/XNYS:RF
RSG,Republic Services Inc,Industrials,Environmental & Facilities Services,"Phoenix, Arizona",https://www.nyse.com/quote/XNYS:RSG
RMD,ResMed,Health Care,Health Care Equipment,"San Diego, California",https://www.nyse.com/quote/XNYS:RMD
RHI,Robert Half International,Industrials,Human Resource & Employment Services,"Menlo Park, California",https://www.nyse.com/quote/XNYS:RHI
ROK,Rockwell Automation Inc.,Industrials,Electrical Components & Equipment,"Milwaukee, Wisconsin",https://www.nyse.com/quote/XNYS:ROK
ROL,Rollins Inc.,Industrials,Environmental & Facilities Services,"Atlanta, Georgia",https://www.nyse.com/quote/XNYS:ROL
ROP,Roper Technologies,Industrials,Industrial Conglomerates,"Sarasota, Florida",https://www.nyse.com/quote/XNYS:ROP
ROST,Ross Stores,Consumer Discretionary,Apparel Retail,"Dublin, California",http://www.nasdaq.com/symbol/rost
RCL,Royal Caribbean Cruises Ltd,Consumer Discretionary,"Hotels, Resorts & Cruise Lines","Miami, Florida",https://www.nyse.com/quote/XNYS:RCL
SPGI,"S&P Global, Inc.",Financials,Financial Exchanges & Data,"New York, New York",https://www.nyse.com/quote/XNYS:SPGI
CRM,Salesforce.com,Information Technology,Application Software,"San Francisco, California",https://www.nyse.com/quote/XNYS:CRM
SBAC,SBA Communications,Real Estate,Specialized REITs,"Boca Raton, Florida",http://www.nasdaq.com/symbol/sbac
SLB,Schlumberger Ltd.,Energy,Oil & Gas Equipment & Services,"Curaçao, Kingdom of the Netherlands",https://www.nyse.com/quote/XNYS:SLB
STX,Seagate Technology,Information Technology,"Technology Hardware, Storage & Peripherals","Dublin, Ireland",http://www.nasdaq.com/symbol/stx
SEE,Sealed Air,Materials,Paper Packaging,"Charlotte, North Carolina",https://www.nyse.com/quote/XNYS:SEE
SRE,Sempra Energy,Utilities,Multi-Utilities,"San Diego, California",https://www.nyse.com/quote/XNYS:SRE
NOW,ServiceNow,Information Technology,Systems Software,"Santa Clara, California",https://www.nyse.com/quote/XNYS:NOW
SHW,Sherwin-Williams,Materials,Specialty Chemicals,"Cleveland, Ohio",https://www.nyse.com/quote/XNYS:SHW
SPG,Simon Property Group Inc,Real Estate,Retail REITs,"Indianapolis, Indiana",https://www.nyse.com/quote/XNYS:SPG
SWKS,Skyworks Solutions,Information Technology,Semiconductors,"Woburn, Massachusetts",http://www.nasdaq.com/symbol/swks
SLG,SL Green Realty,Real Estate,Office REITs,"New York, New York",https://www.nyse.com/quote/XNYS:SLG
SNA,Snap-on,Industrials,Industrial Machinery,"Kenosha, Wisconsin",https://www.nyse.com/quote/XNYS:SNA
SO,Southern Company,Utilities,Electric Utilities,"Atlanta, Georgia",https://www.nyse.com/quote/XNYS:SO
LUV,Southwest Airlines,Industrials,Airlines,"Dallas, Texas",https://www.nyse.com/quote/XNYS:LUV
SWK,Stanley Black & Decker,Industrials,Industrial Machinery,"New Britain, Connecticut",https://www.nyse.com/quote/XNYS:SWK
SBUX,Starbucks Corp.,Consumer Discretionary,Restaurants,"Seattle, Washington",http://www.nasdaq.com/symbol/sbux
STT,State Street Corp.,Financials,Asset Management & Custody Banks,"Boston, Massachusetts",https://www.nyse.com/quote/XNYS:STT
STE,STERIS plc,Health Care,Health Care Equipment,"Dublin, Ireland",https://www.nyse.com/quote/XNYS:STE
SYK,Stryker Corp.,Health Care,Health Care Equipment,"Kalamazoo, Michigan",https://www.nyse.com/quote/XNYS:SYK
SIVB,SVB Financial,Financials,Regional Banks,"Santa Clara, California",http://www.nasdaq.com/symbol/sivb
SYF,Synchrony Financial,Financials,Consumer Finance,"Stamford, Connecticut",https://www.nyse.com/quote/XNYS:SYF
SNPS,Synopsys Inc.,Information Technology,Application Software,"Mountain View, California",http://www.nasdaq.com/symbol/snps
SYY,Sysco Corp.,Consumer Staples,Food Distributors,"Houston, Texas",https://www.nyse.com/quote/XNYS:SYY
TMUS,T-Mobile US,Communication Services,Wireless Telecommunication Services,"Bellevue, Washington",http://www.nasdaq.com/symbol/tmus
TROW,T. Rowe Price Group,Financials,Asset Management & Custody Banks,"Baltimore, Maryland",http://www.nasdaq.com/symbol/trow
TTWO,Take-Two Interactive,Communication Services,Interactive Home Entertainment,"New York, New York",http://www.nasdaq.com/symbol/ttwo
TPR,"Tapestry, Inc.",Consumer Discretionary,"Apparel, Accessories & Luxury Goods","New York, New York",https://www.nyse.com/quote/XNYS:TPR
TGT,Target Corp.,Consumer Discretionary,General Merchandise Stores,"Minneapolis, Minnesota",https://www.nyse.com/quote/XNYS:TGT
TEL,TE Connectivity Ltd.,Information Technology,Electronic Manufacturing Services,"Schaffhausen, Switzerland",https://www.nyse.com/quote/XNYS:TEL
FTI,TechnipFMC,Energy,Oil & Gas Equipment & Services,"London, United Kingdom",https://www.nyse.com/quote/XNYS:FTI
TFX,Teleflex,Health Care,Health Care Equipment,"Wayne, Pennsylvania",https://www.nyse.com/quote/XNYS:TFX
TXN,Texas Instruments,Information Technology,Semiconductors,"Dallas, Texas",http://www.nasdaq.com/symbol/txn
TXT,Textron Inc.,Industrials,Aerospace & Defense,"Providence, Rhode Island",https://www.nyse.com/quote/XNYS:TXT
TMO,Thermo Fisher Scientific,Health Care,Life Sciences Tools & Services,"Waltham, Massachusetts",https://www.nyse.com/quote/XNYS:TMO
TIF,Tiffany & Co.,Consumer Discretionary,"Apparel, Accessories & Luxury Goods","New York, New York",https://www.nyse.com/quote/XNYS:TIF
TJX,TJX Companies Inc.,Consumer Discretionary,Apparel Retail,"Framingham, Massachusetts",https://www.nyse.com/quote/XNYS:TJX
TSCO,Tractor Supply Company,Consumer Discretionary,Specialty Stores,"Brentwood, Tennessee",http://www.nasdaq.com/symbol/tsco
TT,Trane Technologies plc,Industrials,Building Products,"Dublin, Ireland",https://www.nyse.com/quote/XNYS:TT
TDG,TransDigm Group,Industrials,Aerospace & Defense,"Cleveland, Ohio",https://www.nyse.com/quote/XNYS:TDG
TRV,The Travelers Companies Inc.,Financials,Property & Casualty Insurance,"New York, New York",https://www.nyse.com/quote/XNYS:TRV
TFC,Truist Financial,Financials,Regional Banks,"Charlotte, North Carolina",https://www.nyse.com/quote/XNYS:TFC
TWTR,"Twitter, Inc.",Communication Services,Interactive Media & Services,"San Francisco, California",https://www.nyse.com/quote/XNYS:TWTR
TSN,Tyson Foods,Consumer Staples,Packaged Foods & Meats,"Springdale, Arkansas",https://www.nyse.com/quote/XNYS:TSN
UDR,"UDR, Inc.",Real Estate,Residential REITs,"Highlands Ranch, Colorado",https://www.nyse.com/quote/XNYS:UDR
ULTA,Ulta Beauty,Consumer Discretionary,Specialty Stores,"Bolingbrook, Illinois",http://www.nasdaq.com/symbol/ulta
USB,U.S. Bancorp,Financials,Diversified Banks,"Minneapolis, Minnesota",https://www.nyse.com/quote/XNYS:USB
UAA,Under Armour Class A,Consumer Discretionary,"Apparel, Accessories & Luxury Goods","Baltimore, Maryland",https://www.nyse.com/quote/XNYS:UAA
UA,Under Armour Class C,Consumer Discretionary,"Apparel, Accessories & Luxury Goods","Baltimore, Maryland",https://www.nyse.com/quote/XNYS:UA
UNP,Union Pacific Corp,Industrials,Railroads,"Omaha, Nebraska",https://www.nyse.com/quote/XNYS:UNP
UAL,United Airlines Holdings,Industrials,Airlines,"Chicago, Illinois",http://www.nasdaq.com/symbol/ual
UNH,United Health Group Inc.,Health Care,Managed Health Care,"Minnetonka, Minnesota",https://www.nyse.com/quote/XNYS:UNH
UPS,United Parcel Service,Industrials,Air Freight & Logistics,"Atlanta, Georgia",https://www.nyse.com/quote/XNYS:UPS
URI,"United Rentals, Inc.",Industrials,Trading Companies & Distributors,"Stamford, Connecticut",https://www.nyse.com/quote/XNYS:URI
UHS,"Universal Health Services, Inc.",Health Care,Health Care Facilities,"King of Prussia, Pennsylvania",https://www.nyse.com/quote/XNYS:UHS
UNM,Unum Group,Financials,Life & Health Insurance,"Chattanooga, Tennessee",https://www.nyse.com/quote/XNYS:UNM
VFC,V.F. Corp.,Consumer Discretionary,"Apparel, Accessories & Luxury Goods","Greensboro, North Carolina",https://www.nyse.com/quote/XNYS:VFC
VLO,Valero Energy,Energy,Oil & Gas Refining & Marketing,"San Antonio, Texas",https://www.nyse.com/quote/XNYS:VLO
VAR,Varian Medical Systems,Health Care,Health Care Equipment,"Palo Alto, California",https://www.nyse.com/quote/XNYS:VAR
VTR,Ventas Inc,Real Estate,Health Care REITs,"Chicago, Illinois",https://www.nyse.com/quote/XNYS:VTR
VRSN,Verisign Inc.,Information Technology,Internet Services & Infrastructure,"Dulles, Virginia",http://www.nasdaq.com/symbol/vrsn
VRSK,Verisk Analytics,Industrials,Research & Consulting Services,"Jersey City, New Jersey",http://www.nasdaq.com/symbol/vrsk
VZ,Verizon Communications,"Communication Services
",Integrated Telecommunication Services,"New York, New York",https://www.nyse.com/quote/XNYS:VZ
VRTX,Vertex Pharmaceuticals Inc,Health Care,Biotechnology,"Cambridge, Massachusetts",http://www.nasdaq.com/symbol/vrtx
VIAC,ViacomCBS,Communication Services,Movies & Entertainment,"New York, New York",http://www.nasdaq.com/symbol/viac
V,Visa Inc.,Information Technology,Data Processing & Outsourced Services,"San Francisco, California",https://www.nyse.com/quote/XNYS:V
VNO,Vornado Realty Trust,Real Estate,Office REITs,"New York, New York",https://www.nyse.com/quote/XNYS:VNO
VMC,Vulcan Materials,Materials,Construction Materials,"Birmingham, Alabama",https://www.nyse.com/quote/XNYS:VMC
WRB,W. R. Berkley Corporation,Financials,Property & Casualty Insurance,"Greenwich, Connecticut",https://www.nyse.com/quote/XNYS:WRB
WAB,Wabtec Corporation,Industrials,Construction Machinery & Heavy Trucks,"Wilmerding, Pennsylvania",https://www.nyse.com/quote/XNYS:WAB
WMT,Walmart,Consumer Staples,Hypermarkets & Super Centers,"Bentonville, Arkansas",https://www.nyse.com/quote/XNYS:WMT
WBA,Walgreens Boots Alliance,Consumer Staples,Drug Retail,"Deerfield, Illinois",http://www.nasdaq.com/symbol/wba
DIS,The Walt Disney Company,Communication Services,Movies & Entertainment,"Burbank, California",https://www.nyse.com/quote/XNYS:DIS
WM,Waste Management Inc.,Industrials,Environmental & Facilities Services,"Houston, Texas",https://www.nyse.com/quote/XNYS:WM
WAT,Waters Corporation,Health Care,Health Care Distributors,"Milford, Massachusetts",https://www.nyse.com/quote/XNYS:WAT
WEC,WEC Energy Group,Utilities,Electric Utilities,"Milwaukee, Wisconsin",https://www.nyse.com/quote/XNYS:WEC
WFC,Wells Fargo,Financials,Diversified Banks,"San Francisco, California",https://www.nyse.com/quote/XNYS:WFC
WELL,Welltower Inc.,Real Estate,Health Care REITs,"Toledo, Ohio",https://www.nyse.com/quote/XNYS:WELL
WDC,Western Digital,Information Technology,"Technology Hardware, Storage & Peripherals","Irvine, California",http://www.nasdaq.com/symbol/wdc
WU,Western Union Co,Information Technology,Data Processing & Outsourced Services,"Englewood, Colorado",https://www.nyse.com/quote/XNYS:WU
WRK,WestRock,Materials,Paper Packaging,"Richmond, Virginia",https://www.nyse.com/quote/XNYS:WRK
WY,Weyerhaeuser,Real Estate,Specialized REITs,"Federal Way, Washington",https://www.nyse.com/quote/XNYS:WY
WHR,Whirlpool Corp.,Consumer Discretionary,Household Appliances,"Benton Harbor, Michigan",https://www.nyse.com/quote/XNYS:WHR
WMB,Williams Cos.,Energy,Oil & Gas Storage & Transportation,"Tulsa, Oklahoma",https://www.nyse.com/quote/XNYS:WMB
WLTW,Willis Towers Watson,Financials,Insurance Brokers,"London, United Kingdom",http://www.nasdaq.com/symbol/wltw
WYNN,Wynn Resorts Ltd,Consumer Discretionary,Casinos & Gaming,"Paradise, Nevada",http://www.nasdaq.com/symbol/wynn
XEL,Xcel Energy Inc,Utilities,Multi-Utilities,"Minneapolis, Minnesota",http://www.nasdaq.com/symbol/xel
XRX,Xerox,Information Technology,"Technology Hardware, Storage & Peripherals","Norwalk, Connecticut",https://www.nyse.com/quote/XNYS:XRX
XLNX,Xilinx,Information Technology,Semiconductors,"San Jose, California",http://www.nasdaq.com/symbol/xlnx
XYL,Xylem Inc.,Industrials,Industrial Machinery,"White Plains, New York",https://www.nyse.com/quote/XNYS:XYL
YUM,Yum! Brands Inc,Consumer Discretionary,Restaurants,"Louisville, Kentucky",https://www.nyse.com/quote/XNYS:YUM
ZBRA,Zebra Technologies,Information Technology,Electronic Equipment & Instruments,"Lincolnshire, Illinois",http://www.nasdaq.com/symbol/zbra
ZBH,Zimmer Biomet Holdings,Health Care,Health Care Equipment,"Warsaw, Indiana",https://www.nyse.com/quote/XNYS:ZBH
ZION,Zions Bancorp,Financials,Regional Banks,"Salt Lake City, Utah",http://www.nasdaq.com/symbol/zion
ZTS,Zoetis,Health Care,Pharmaceuticals,"Florham Park, New Jersey",https://www.nyse.com/quote/XNYS:ZTS
